text,expected_sentiment,model_output,confidence_score
"@stellargirl I loooooooovvvvvveee my Kindle2. Not that the DX is cool, but the 2 is fantastic in its own right.",positive,LABEL_2,0.9880869388580322
Reading my kindle2...  Love it... Lee childs is good read.,positive,LABEL_2,0.9891506433486938
"Ok, first assesment of the #kindle2 ...it fucking rocks!!!",positive,LABEL_2,0.8599099516868591
@kenburbary You'll love your Kindle2. I've had mine for a few months and never looked back. The new big one is huge! No need for remorse! :),positive,LABEL_2,0.9893607497215271
@mikefish  Fair enough. But i have the Kindle2 and I think it's perfect  :),positive,LABEL_2,0.9766830801963806
@richardebaker no. it is too big. I'm quite happy with the Kindle2.,positive,LABEL_2,0.902443528175354
Fuck this economy. I hate aig and their non loan given asses.,negative,LABEL_0,0.9810739159584045
Jquery is my new best friend.,positive,LABEL_2,0.9399009943008423
Loves twitter,positive,LABEL_2,0.9635493755340576
how can you not love Obama? he makes jokes about himself.,positive,LABEL_0,0.48157256841659546
Check this video out -- President Obama at the White House Correspondents' Dinner http://bit.ly/IMXUM,neutral,LABEL_1,0.8838744163513184
"@Karoli I firmly believe that Obama/Pelosi have ZERO desire to be civil.  It's a charade and a slogan, but they want to destroy conservatism",negative,LABEL_0,0.8751182556152344
"House Correspondents dinner was last night whoopi, barbara &amp; sherri went, Obama got a standing ovation",positive,LABEL_2,0.5769579410552979
Watchin Espn..Jus seen this new Nike Commerical with a Puppet Lebron..sh*t was hilarious...LMAO!!!,positive,LABEL_2,0.7973344922065735
"dear nike, stop with the flywire. that shit is a waste of science. and ugly. love, @vincentx24x",negative,LABEL_0,0.9547209739685059
"#lebron best athlete of our generation, if not all time (basketball related) I don't want to get into inter-sport debates about   __1/2",positive,LABEL_1,0.47163379192352295
I was talking to this guy last night and he was telling me that he is a die hard Spurs fan.  He also told me that he hates LeBron James.,negative,LABEL_0,0.757154107093811
i love lebron. http://bit.ly/PdHur,positive,LABEL_2,0.9835622906684875
"@ludajuice Lebron is a Beast, but I'm still cheering 4 the A..til the end.",negative,LABEL_2,0.855265200138092
@Pmillzz lebron IS THE BOSS,positive,LABEL_2,0.5755074620246887
"@sketchbug Lebron is a hometown hero to me, lol I love the Lakers but let's go Cavs, lol",positive,LABEL_2,0.9398519396781921
lebron and zydrunas are such an awesome duo,positive,LABEL_2,0.9885417222976685
@wordwhizkid Lebron is a beast... nobody in the NBA comes even close.,positive,LABEL_2,0.8477412462234497
downloading apps for my iphone! So much fun :-) There literally is an app for just about anything.,positive,LABEL_2,0.9895027875900269
"good news, just had a call from the Visa office, saying everything is fine.....what a relief! I am sick of scams out there! Stealing!",positive,LABEL_2,0.5430330038070679
http://twurl.nl/epkr4b - awesome come back from @biz (via @fredwilson),positive,LABEL_2,0.9660003781318665
In montreal for a long weekend of R&amp;R. Much needed.,positive,LABEL_2,0.7638201713562012
Booz Allen Hamilton has a bad ass homegrown social collaboration platform. Way cool!  #ttiv,positive,LABEL_2,0.9818097352981567
[#MLUC09] Customer Innovation Award Winner: Booz Allen Hamilton -- http://ping.fm/c2hPP,positive,LABEL_1,0.6809022426605225
"@SoChi2 I current use the Nikon D90 and love it, but not as much as the Canon 40D/50D. I chose the D90 for the  video feature. My mistake.",positive,LABEL_1,0.4096830487251282
need suggestions for a good IR filter for my canon 40D ... got some? pls DM,neutral,LABEL_1,0.871325671672821
@surfit: I just checked my google for my business- blip shows up as the second entry! Huh. Is that a good or ba... ? http://blip.fm/~6emhv,neutral,LABEL_1,0.5511102080345154
"@phyreman9 Google is always a good place to look. Should've mentioned I worked on the Mustang w/ my Dad, @KimbleT.",positive,LABEL_2,0.8245247602462769
Played with an android google phone. The slide out screen scares me I would break that fucker so fast. Still prefer my iPhone.,negative,LABEL_0,0.8713624477386475
US planning to resume the military tribunals at Guantanamo Bay... only this time those on trial will be AIG execs and Chrysler debt holders,negative,LABEL_1,0.7535746693611145
omg so bored &amp; my tattoooos are so itchy!!  help! aha =),negative,LABEL_0,0.7212038636207581
I'm itchy and miserable!,negative,LABEL_0,0.9518585801124573
"@sekseemess no. I'm not itchy for now. Maybe later, lol.",negative,LABEL_1,0.4906003177165985
RT @jessverr I love the nerdy Stanford human biology videos - makes me miss school. http://bit.ly/13t7NR,positive,LABEL_2,0.9221658706665039
"@spinuzzi: Has been a bit crazy, with steep learning curve, but LyX is really good for long docs. For anything shorter, it would be insane.",positive,LABEL_2,0.7984506487846375
"I'm listening to ""P.Y.T"" by Danny Gokey &lt;3 &lt;3 &lt;3 Aww, he's so amazing. I &lt;3 him so much :)",positive,LABEL_2,0.9932584762573242
is going to sleep then on a bike ride:],positive,LABEL_1,0.8888593912124634
cant sleep... my tooth is aching.,negative,LABEL_0,0.9524580836296082
"Blah, blah, blah same old same old. No plans today, going back to sleep I guess.",negative,LABEL_0,0.7151312232017517
"glad i didnt do Bay to Breakers today, it's 1000 freaking degrees in San Francisco wtf",negative,LABEL_0,0.6385980844497681
is in San Francisco at Bay to Breakers.,neutral,LABEL_1,0.9276539087295532
just landed at San Francisco,neutral,LABEL_1,0.8740851879119873
San Francisco today.  Any suggestions?,neutral,LABEL_1,0.9154183268547058
?Obama Administration Must Stop Bonuses to AIG Ponzi Schemers ... http://bit.ly/2CUIg,negative,LABEL_1,0.5566582083702087
started to think that Citi is in really deep s&amp;^t. Are they gonna survive the turmoil or are they gonna be the next AIG?,negative,LABEL_0,0.4843391478061676
ShaunWoo hate'n on AiG,negative,LABEL_0,0.7842150330543518
@YarnThing you will not regret going to see Star Trek. It was AWESOME!,positive,LABEL_2,0.9886301755905151
On my way to see Star Trek @ The Esquire.,neutral,LABEL_2,0.6451954245567322
Going to see star trek soon with my dad.,neutral,LABEL_2,0.7298592925071716
annoying new trend on the internets:  people picking apart michael lewis and malcolm gladwell.  nobody wants to read that.,negative,LABEL_0,0.9326052665710449
Bill Simmons in conversation with Malcolm Gladwell http://bit.ly/j9o50,neutral,LABEL_1,0.9186488389968872
Highly recommend: http://tinyurl.com/HowDavidBeatsGoliath by Malcolm Gladwell,positive,LABEL_2,0.9168573021888733
Blink by malcolm gladwell amazing book and The tipping point!,positive,LABEL_2,0.9385968446731567
Malcolm Gladwell might be my new man crush,positive,LABEL_2,0.7073464393615723
omg. The commercials alone on ESPN are going to drive me nuts.,negative,LABEL_0,0.9386597871780396
@robmalon Playing with Twitter API sounds fun.  May need to take a class or find a new friend who like to generate results with API code.,positive,LABEL_2,0.9549935460090637
playing with cURL and the Twitter API,neutral,LABEL_1,0.8573299050331116
Hello Twitter API ;),positive,LABEL_2,0.8961516618728638
playing with Java and the Twitter API,neutral,LABEL_1,0.7569143176078796
@morind45 Because the twitter api is slow and most client's aren't good.,negative,LABEL_0,0.9317535758018494
yahoo answers can be a butt sometimes,negative,LABEL_0,0.7604590058326721
is scrapbooking with Nic =D,positive,LABEL_1,0.5850695371627808
RT @mashable: Five Things Wolfram Alpha Does Better (And Vastly Different) Than Google - http://bit.ly/6nSnR,positive,LABEL_2,0.7766309380531311
just changed my default pic to a Nike basketball cause bball is awesome!!!!!,positive,LABEL_2,0.9873262047767639
"Nike owns NBA Playoffs ads w/ LeBron, Kobe, Carmelo? http://ow.ly/7Uiy  #Adidas #Billups #Howard  #Marketing #Branding",neutral,LABEL_1,0.7763294577598572
"'Next time, I'll call myself Nike'",neutral,LABEL_1,0.5988457798957825
New blog post: Nike SB Dunk Low Premium 'White Gum' http://tr.im/lOtT,neutral,LABEL_1,0.5240418910980225
RT @SmartChickPDX: Was just told that Nike layoffs started today :-(,negative,LABEL_0,0.7508045434951782
Back when I worked for Nike we had one fav word : JUST DO IT! :),positive,LABEL_2,0.9259187579154968
"By the way, I'm totally inspired by this freaky Nike commercial: http://snurl.com/icgj9",positive,LABEL_2,0.9517879486083984
"giving weka an app engine interface, using the bird strike data for the tests, the logo is a given.",neutral,LABEL_1,0.8613709807395935
"Brand New Canon EOS 50D 15MP DSLR Camera Canon 17-85mm IS Lens ...: Web Technology Thread, Brand New Canon EOS 5.. http://u.mavrev.com/5a3t",neutral,LABEL_1,0.889529824256897
Class... The 50d is supposed to come today :),positive,LABEL_2,0.8531203866004944
needs someone to explain lambda calculus to him! :(,negative,LABEL_0,0.6756913661956787
Took the Graduate Field Exam for Computer Science today.  Nothing makes you feel like more of an idiot than lambda calculus.,negative,LABEL_0,0.8660510182380676
SHOUT OUTS TO ALL EAST PALO ALTO FOR BEING IN THE BUILDIN KARIZMAKAZE 50CAL GTA! ALSO THANKS TO PROFITS OF DOOM UNIVERSAL HEMPZ CRACKA......,positive,LABEL_2,0.8847854137420654
"@legalgeekery Yeahhhhhhhhh, I wouldn't really have lived in East Palo Alto if I could have avoided it.  I guess it's only for the summer.",negative,LABEL_0,0.542192816734314
@accannis @edog1203 Great Stanford course. Thanks for making it available to the public! Really helpful and informative for starting off!,positive,LABEL_2,0.9894384741783142
"NVIDIA Names Stanford's Bill Dally Chief Scientist, VP Of Research http://bit.ly/Fvvg9",neutral,LABEL_1,0.914262592792511
New blog post: Harvard Versus Stanford - Who Wins? http://bit.ly/MCoCo,neutral,LABEL_1,0.8881964683532715
@ work til 6pm... lets go lakers!!!,positive,LABEL_2,0.8299317359924316
Damn you North Korea. http://bit.ly/KtMeQ,negative,LABEL_0,0.8999799489974976
Can we just go ahead and blow North Korea off the map already?,negative,LABEL_0,0.6755967736244202
"North Korea, please cease this douchebaggery. China doesn't even like you anymore. http://bit.ly/NeHSl",negative,LABEL_0,0.9446437954902649
Why the hell is Pelosi in freakin China? and on whose dime?,negative,LABEL_0,0.9441852569580078
"Are YOU burning more cash $$$ than Chrysler and GM? Stop the financial tsunami. Where ""bailout"" means taking a handout!",negative,LABEL_0,0.6801345348358154
insects have infected my spinach plant :(,negative,LABEL_0,0.9726828932762146
wish i could catch every mosquito in the world n burn em slowly.they been bitin the shit outta me 2day.mosquitos are the assholes of insects,negative,LABEL_0,0.9611812829971313
"just got back from church, and I totally hate insects.",negative,LABEL_0,0.973274827003479
Just got mcdonalds goddam those eggs make me sick. O yeah Laker up date go lakers. Not much of an update? Well it's true so suck it,negative,LABEL_0,0.9598367810249329
omgg i ohhdee want mcdonalds damn i wonder if its open lol =],positive,LABEL_2,0.5929712653160095
History exam studying ugh,negative,LABEL_0,0.7413281202316284
"I hate revision, it's so boring! I am totally unprepared for my exam tomorrow :( Things are not looking good...",negative,LABEL_0,0.9841681122779846
"Higher physics exam tommorow, not lookin forward to it much :(",negative,LABEL_0,0.9370647072792053
"It's a bank holiday, yet I'm only out of work now. Exam season sucks:(",negative,LABEL_0,0.9449102282524109
Cheney and Bush are the real culprits - http://fwix.com/article/939496,negative,LABEL_0,0.8253116607666016
Life?s a bitch? and so is Dick Cheney. #p2 #bipart #tlot #tcot #hhrs #GOP #DNC http://is.gd/DjyQ,negative,LABEL_0,0.8386684656143188
"Dick Cheney's dishonest speech about torture, terror, and Obama. -Fred Kaplan Slate. http://is.gd/DiHg",negative,LABEL_0,0.743717610836029
"""The Republican party is a bunch of anti-abortion zealots who couldn't draw flies to a dump."" -- Neal Boortz (just now, on the radio)",negative,LABEL_0,0.8729945421218872
is Twitter's connections API broken? Some tweets didn't make it to Twitter...,negative,LABEL_0,0.7770733833312988
"i srsly hate the stupid twitter API timeout thing, soooo annoying!!!!! :(",negative,LABEL_0,0.9841453433036804
"@psychemedia I really liked @kswedberg's ""Learning jQuery"" book. http://bit.ly/pg0lT is worth a look too",positive,LABEL_2,0.9830999374389648
jQuery UI 1.6 Book Review - http://cfbloggers.org/?c=30631,neutral,LABEL_1,0.8843627572059631
"Very Interesting Ad from Adobe by Goodby, Silverstein &amp; Partners - YouTube - Adobe CS4: Le Sens Propre http://bit.ly/VprpT",positive,LABEL_2,0.967943549156189
Goodby Silverstein agency new site! http://www.goodbysilverstein.com/ Great!,positive,LABEL_2,0.9822596907615662
"RT @designplay Goodby, Silverstein's new site: http://www.goodbysilverstein.com/ I enjoy it. *nice find!*",positive,LABEL_2,0.9893006682395935
The ever amazing Psyop and Goodby Silverstein &amp; Partners for HP! http://bit.ly/g2rU8 Have to go play with After Effects now!,positive,LABEL_2,0.979508638381958
top ten most watched on Viral-Video Chart.  Love the nike #mostvaluablepuppets campaign from Wieden &amp; Kennedy http://bit.ly/nR1n9,positive,LABEL_2,0.9724842309951782
zomg!!! I have a G2!!!!!!!,positive,LABEL_2,0.7771338224411011
Ok so lots of buzz from IO2009 but how lucky are they - a Free G2!! http://is.gd/Hyzl,positive,LABEL_2,0.9220369458198547
just got a free G2 android at google i/o!!!,positive,LABEL_2,0.9544232487678528
Guess I'll be retiring my G1 and start using my developer G2 woot #googleio,positive,LABEL_2,0.48683425784111023
At GWT fireside chat @googleio,neutral,LABEL_1,0.905215322971344
I am happy for Philip being at GoogleIO today,positive,LABEL_2,0.9891496300697327
Lakers played great!  Cannot wait for Thursday night Lakers vs. ???,positive,LABEL_2,0.9884288907051086
"Hi there, does anyone have a great source for advice on viral marketing?... http://link.gs/YtZ8",neutral,LABEL_1,0.5988929271697998
Judd Apatow creates fake sitcom on NBC.com to market his new movie... viral marketing at its best. http://is.gd/K0yK,positive,LABEL_0,0.5478367805480957
"Here's A case study on how to use viral marketing to add over 10,000 people to your list http://snipr.com/i50oz",neutral,LABEL_1,0.5391290783882141
VIRAL MARKETING FAIL. This Acia Pills brand oughta get shut down for hacking into people's messenger's.  i get 5-6 msgs in a day! Arrrgh!,negative,LABEL_0,0.9463323354721069
watching Night at The Museum . Lmao,positive,LABEL_1,0.6356260776519775
i loved night at the museum!!!,positive,LABEL_2,0.9915814995765686
going to see the new night at the museum  movie with my family oh boy a three year old in the movies fuin,neutral,LABEL_2,0.48228928446769714
just got back from the movies.  went to see the new night at the museum with rachel.  it was good,positive,LABEL_2,0.9826270937919617
Just saw the new Night at the Museum movie...it was...okay...lol 7\10,neutral,LABEL_2,0.8847358822822571
Going to see night at the museum 2 with tall boy,neutral,LABEL_1,0.69720458984375
@shannyoday I will take you on a date to see night at the museum 2 whenever you want...it looks soooooo good,positive,LABEL_2,0.9912853837013245
no watching The Night At The Museum. Getting Really Good,positive,LABEL_2,0.9153151512145996
"Night at the Museum, Wolverine and junk food - perfect monday!",positive,LABEL_2,0.9453211426734924
saw night at the museum 2 last night.. pretty crazy movie.. but the cast was awesome so it was well worth it. Robin Williams forever!,positive,LABEL_2,0.98673415184021
I saw Night at the Museum: Battle of the Swithsonian today. It was okay. Your typical [kids] Ben Stiller movie.,neutral,LABEL_2,0.8978107571601868
Taking Katie to see Night at the Museum.  (she picked it),neutral,LABEL_1,0.7103365063667297
Night at the Museum tonite instead of UP. :( oh well. that 4 yr old better enjoy it. LOL,negative,LABEL_2,0.7196975946426392
GM says expects announcment on sale of Hummer soon - Reuters: WDSUGM says expects announcment on sale of Hummer .. http://bit.ly/4E1Fv,neutral,LABEL_1,0.6949464082717896
It's unfortunate that after the Stimulus plan was put in place twice to help GM on the back of the American people has led to the inevitable,negative,LABEL_0,0.9004797339439392
Tell me again why we are giving more $$ to GM?? We should use that $ for all the programs that support the unemployed.,negative,LABEL_0,0.5166977643966675
@jdreiss oh yes but if GM dies it will only be worth more boo hahaha,negative,LABEL_1,0.47248002886772156
Time Warner cable is down again 3rd time since Memorial Day bummer!,negative,LABEL_0,0.9389212727546692
"I would rather pay reasonable yearly taxes for ""free"" fast internet, than get gouged by Time Warner for a slow connection.",negative,LABEL_0,0.5533717274665833
NOOOOOOO my DVR just died and I was only half way through the EA presser. Hate you Time Warner,negative,LABEL_0,0.978650689125061
F*ck Time Warner Cable!!! You f*cking suck balls!!! I have a $700 HD tv &amp; my damn HD channels hardly ever come in. Bullshit!!,negative,LABEL_0,0.9840369820594788
time warner has the worse customer service ever. I will never use them again,negative,LABEL_0,0.9808551669120789
Time warner is the devil. Worst possible time for the Internet to go out.,negative,LABEL_0,0.9707129597663879
Fuck no internet damn time warner!,negative,LABEL_0,0.9670222997665405
time warner really picks the worst time to not work. all i want to do is get to mtv.com so i can watch the hills. wtfffff.,negative,LABEL_0,0.7628222107887268
I hate Time Warner! Soooo wish I had Vios. Cant watch the fricken Mets game w/o buffering. I feel like im watching free internet porn.,negative,LABEL_0,0.9796864986419678
Ahh...got rid of stupid time warner today &amp; now taking a nap while the roomies cook for me. Pretty good end for a monday :),negative,LABEL_2,0.9471465349197388
Time Warner's HD line up is crap.,negative,LABEL_0,0.9585868716239929
is being fucked by time warner cable. didnt know modems could explode. and Susan Boyle sucks too!,negative,LABEL_0,0.9752175807952881
Time Warner Cable Pulls the Plug on 'The Girlfriend Experience' - (www.tinyurl.com/m595fk),neutral,LABEL_1,0.7210363149642944
Time Warner Cable slogan: Where calling it a day at 2pm Happens.,negative,LABEL_1,0.8501042723655701
"Rocawear Heads to China, Building 300 Stores  - http://tinyurl.com/nofet3",neutral,LABEL_1,0.8979100584983826
"Climate focus turns to Beijing: The United Nations, the US and European governments have called on China to co-o.. http://tinyurl.com/lto92n",neutral,LABEL_1,0.8650318384170532
myfoxdc Barrie Students Back from Trip to China: A Silver Spring high school's class trip to China has en.. http://tinyurl.com/nlhqba,neutral,LABEL_1,0.8867984414100647
"Three China aerospace giants develop Tianjin Binhai  New Area,  22.9 B yuan invested   http://bit.ly/mMiDv",neutral,LABEL_1,0.8166390657424927
http://xi.gs/04FO GM CEO: China will continue to be key partner,neutral,LABEL_1,0.5656858682632446
RT @LATimesautos is now the time to buy a GM car? http://bit.ly/nRzlu,neutral,LABEL_1,0.8195033073425293
Recovering from surgery..wishing @julesrenner was here :(,negative,LABEL_1,0.5247762203216553
"My wrist still hurts. I have to get it looked at. I HATE the dr/dentist/scary places. :( Time to watch Eagle eye. If you want to join, txt!",positive,LABEL_0,0.9302880167961121
Dentist tomorrow. Have to brush well in the morning. Like I make my hair all nice before I get it cut. Why?,neutral,LABEL_1,0.5576906800270081
"THE DENTIST LIED! "" U WON'T FEEL ANY DISCOMORT! PROB WON'T EVEN NEED PAIN PILLS"" MAN U TWIPPIN THIS SHIT HURT!! HOW MANY PILLS CAN I TAKE!!",negative,LABEL_0,0.9392039179801941
@kirstiealley my dentist is great but she's expensive...=(,negative,LABEL_1,0.4102949798107147
@kirstiealley Pet Dentist http://www.funnyville.com/fv/pictures/dogdentures.shtml,neutral,LABEL_1,0.8306195735931396
is studing math ;) tomorrow exam and dentist :),positive,LABEL_2,0.9040804505348206
my dentist was wrong... WRONG,negative,LABEL_0,0.9572259783744812
Going to the dentist later.:|,negative,LABEL_1,0.7025884985923767
Son has me looking at cars online.  I hate car shopping.  Would rather go to the dentist!  Anyone with a good car at a good price to sell?,negative,LABEL_0,0.8463167548179626
NCAA Baseball Super Regional - Rams Club http://bit.ly/Ro7nx,neutral,LABEL_1,0.9265059232711792
just started playing Major League Baseball 2K9. http://raptr.com/H3LLGWAR,neutral,LABEL_1,0.9297862648963928
Cardinals baseball advance to Super Regionals. Face CS-Fullerton Friday.,neutral,LABEL_1,0.9173808693885803
Sony coupon code.. Expires soon.. http://www.coupondork.com/r/1796,neutral,LABEL_1,0.8411718606948853
waiting in line at safeway.,neutral,LABEL_1,0.8195953369140625
luke and i got stopped walking out of safeway and asked to empty our pockets and lift our shirts. how jacked up is that?,negative,LABEL_0,0.716568648815155
Did not realize there is a gym above Safeway!,neutral,LABEL_1,0.532692551612854
"@XPhile1908 I have three words for you: ""Safeway dot com""",neutral,LABEL_1,0.7838358879089355
Safeway is very rock n roll tonight,positive,LABEL_1,0.5710822343826294
Bout to hit safeway I gotta eat,neutral,LABEL_1,0.7796493172645569
Jake's going to safeway!,neutral,LABEL_1,0.5002220273017883
Found a safeway. Picking up a few staples.,neutral,LABEL_1,0.7332985401153564
Safeway Super-marketing via mobile coupons http://bit.ly/ONH7w,neutral,LABEL_1,0.8835650086402893
The safeway bathroom still smells like ass!,negative,LABEL_0,0.9431013464927673
"At safeway on elkhorn, they move like they're dead!",negative,LABEL_0,0.5346910357475281
Your Normal Weight (and How to Get There) ? Normal Eating Blog http://bit.ly/ZeT8O,neutral,LABEL_1,0.9113703370094299
Is Eating and Watching Movies....,neutral,LABEL_1,0.8230540752410889
eating sashimi,neutral,LABEL_1,0.7496275305747986
is eating  home made yema,neutral,LABEL_1,0.822525143623352
eating cake,neutral,LABEL_1,0.7547839879989624
i love Dwight Howard's vitamin water commercial... now i wish he was with NIKE and not adidas. lol.,positive,LABEL_2,0.955435037612915
Found NOTHING at Nike Factory :/ Off to Banana Republic Outlet! http://myloc.me/2zic,negative,LABEL_1,0.4924018979072571
iPhone May Get Radio Tagging and Nike  : Recently-released iTunes version 8.2 suggests that VoiceOver functional.. http://tinyurl.com/oq5ctc,neutral,LABEL_2,0.6067472100257874
is lovin his Nike  already and that's only from running on the spot in his bedroom,positive,LABEL_2,0.9114604592323303
Launched! http://imgsearch.net  #imgsearch #ajax #jquery #webapp,neutral,LABEL_1,0.7268552184104919
@matthewcyan I finally got around to using jquery to make my bio collapse. Yay for slide animations.,positive,LABEL_2,0.7855006456375122
RT @jquery: The Ultimate jQuery List - http://jquerylist.com/,neutral,LABEL_1,0.8208286762237549
I just extracted and open-sourced a jQuery plugin from Stormweight to highlight text with a regular expression: http://bit.ly/ybJKb,neutral,LABEL_1,0.7334926128387451
@anna_debenham what was the php jquery hack?,neutral,LABEL_1,0.8177773356437683
jQuery Cheat Sheet http://www.javascripttoolbox.com/jquery/cheatsheet/,neutral,LABEL_1,0.8180471658706665
Beginning JavaScript and CSS Development with jQuery #javascript #css #jquery http://bit.ly/TO3e5,neutral,LABEL_1,0.7715745568275452
"@PDubyaD right!!! LOL we'll get there!! I have high expectations, Warren Buffet style.",positive,LABEL_2,0.9096059203147888
"RT @blknprecious1: RT GREAT @dbroos ""Someone's sitting in the shade today because someone planted a tree a long time ago.""- Warren Buffet",positive,LABEL_1,0.6548729538917542
Warren Buffet on the economy http://ping.fm/Lau0p,neutral,LABEL_1,0.8170527815818787
"Warren Buffet became (for a time) the richest man in the United States, not by working but investing in 1 Big idea which lead to the fortune",positive,LABEL_2,0.8095839619636536
"According to the create a school, Notre Dame will have 7 receivers in NCAA 10 at 84 or higher rating :) *sweet*",positive,LABEL_2,0.8496719598770142
All-Star Basketball Classic Tuesday Features Top Talent: Chattanooga's Notre Dame High School will play host.. http://bit.ly/qltJA,neutral,LABEL_1,0.6204240918159485
@BlondeBroad it's definitely under warranty &amp; my experience is the amazon support for kindle is great! had to contact them about my kindle2,positive,LABEL_2,0.9803425669670105
"RT Look, Available !Amazon Kindle2 &amp; Kindle DX, Get it Here: http://short.to/87ub The Top Electronic Book Reader Period, free 2 day ship ...",neutral,LABEL_2,0.6976885795593262
Time Warner Road Runner customer support here absolutely blows. I hate not having other high-speed net options. I'm ready to go nuclear.,negative,LABEL_0,0.9650111198425293
Time Warner cable phone reps r dumber than nails!!!!! UGH! Cable was working 10 mins ago now its not WTF!,negative,LABEL_0,0.9631627202033997
@siratomofbones we tried but Time Warner wasn't being nice so we recorded today. :),negative,LABEL_1,0.5024628639221191
OMG - time warner f'ed up my internet install - instead of today  its now NEXT saturday - another week w/o internet! &amp;$*ehfa^V9fhg[*# fml.,negative,LABEL_0,0.8806957006454468
"wth..i have never seen a line this loooong at time warner before, ugh.",negative,LABEL_0,0.7505843043327332
Impatiently awaiting the arrival of the time warner guy. It's way too pretty to be inside all afternoon,negative,LABEL_2,0.9552240967750549
Man accosts Roger Federer during French Open http://ff.im/3HCPT,neutral,LABEL_1,0.8583028316497803
Naive Bayes using EM for Text Classification. Really Frustrating...,negative,LABEL_0,0.9442855715751648
We went to Stanford University today. Got a tour. Made me want to go back to college. It's also decided all of our kids will go there.,positive,LABEL_2,0.8574357628822327
Investigation pending on death of Stanford CS prof / Google mentor Rajeev Motwani http://bit.ly/LwOUR tip @techmeme,neutral,LABEL_1,0.6842357516288757
"I'm going to bed. It was a successful weekend. Stanford, here I come.",neutral,LABEL_2,0.923914909362793
"@KarrisFoxy If you're being harassed by calls about your car warranty, changing your number won't fix that. They call every number. #d-bags",negative,LABEL_0,0.8350031971931458
Just blocked United Blood Services using Google Voice. They call more than those Car Warranty guys.,negative,LABEL_0,0.63334721326828
#at&amp;t is complete fail.,negative,LABEL_0,0.9228013753890991
@broskiii OH SNAP YOU WORK AT AT&amp;T DON'T YOU,negative,LABEL_1,0.5513254404067993
@Mbjthegreat i really dont want AT&amp;T phone service..they suck when it comes to having a signal,negative,LABEL_0,0.9755046963691711
"I say we just cut out the small talk: AT&amp;T's new slogan: F__k you, give us your money. (Apologies to Bob Geldof.)",negative,LABEL_0,0.47429901361465454
pissed about at&amp;t's mid-contract upgrade price for the iPhone (it's $200 more) I'm not going to pay $499 for something I thought was $299,negative,LABEL_0,0.6261538863182068
Safari 4 is fast :) Even on my shitty AT&amp;T tethering.,negative,LABEL_2,0.8340270519256592
@ims What is AT&amp;T fucking up?,negative,LABEL_0,0.9505303502082825
@springsingfiend @dvyers @sethdaggett @jlshack AT&amp;T dropped the ball and isn't supporting crap with the new iPhone 3.0... FAIL #att SUCKS!!!,negative,LABEL_0,0.9741288423538208
"@MMBarnhill yay, glad you got the phone! Still, damn you, AT&amp;T.",negative,LABEL_2,0.7073110938072205
Google Wave Developer Sandbox Account Request http://bit.ly/2NYlc,neutral,LABEL_1,0.877885639667511
"Talk is Cheap: Bing that, I?ll stick with Google. http://bit.ly/XC3C8",negative,LABEL_2,0.497945100069046
"@defsounds WTF is the point of deleting tweets if they can still be found in summize and searches? Twitter, please fix that. Thanks and bye",negative,LABEL_0,0.6575309038162231
@mattcutts have google profiles stopped showing up in searches? cant see them anymore,neutral,LABEL_0,0.8114083409309387
@ArunBasilLal I love Google Translator too ! :D Good day mate !,positive,LABEL_2,0.9879828691482544
reading on my new Kindle2!,positive,LABEL_2,0.823648989200592
My Kindle2 came and I LOVE it! :),positive,LABEL_2,0.9934378266334534
"LOVING my new Kindle2.  Named her Kendra in case u were wondering. The ""cookbook"" is THE tool cuz it tells u all the tricks!  Best gift EVR!",positive,LABEL_2,0.991921067237854
The real AIG scandal / http://bit.ly/b82Px,negative,LABEL_1,0.6024414896965027
Any twitter to aprs apps yet?,neutral,LABEL_1,0.8990567922592163
45 Pros You Should Be Following on Twitter - http://is.gd/sMbZ,neutral,LABEL_1,0.7229223847389221
Obama is quite a good comedian! check out his dinner speech on CNN :) very funny jokes.,positive,LABEL_2,0.9822056889533997
"' Barack Obama shows his funny side "" &gt;&gt; http://tr.im/l0gY !! Great speech..",positive,LABEL_2,0.9496844410896301
"I like this guy : ' Barack Obama shows his funny side "" &gt;&gt; http://tr.im/l0gY !!",positive,LABEL_2,0.9118030667304993
Obama's speech was pretty awesome last night! http://bit.ly/IMXUM,positive,LABEL_2,0.9909957051277161
"Reading  ""Bill Clinton Fail - Obama Win?"" http://tinyurl.com/pcyxj7",positive,LABEL_1,0.6366706490516663
Obama More Popular Than U.S. Among Arabs: Survey: President Barack Obama's popularity in leading Arab countries .. http://tinyurl.com/prlvqu,positive,LABEL_2,0.6046123504638672
Obama's got JOKES!! haha just got to watch a bit of his after dinner speech from last night... i'm in love with mr. president ;),positive,LABEL_2,0.9886050224304199
LEbron james got in a car accident i guess..just heard it on evening news...wow i cant believe it..will he be ok ? http://twtad.com/69750,negative,LABEL_0,0.6477351188659668
is it me or is this the best the playoffs have been in years oh yea lebron and melo in the finals,positive,LABEL_2,0.9622176885604858
"@khalid0456 No, Lebron is the best",positive,LABEL_2,0.8682754635810852
@the_real_usher LeBron is cool.  I like his personality...he has good character.,positive,LABEL_2,0.9802859425544739
Watching Lebron highlights. Damn that niggas good,positive,LABEL_2,0.5319254994392395
@Lou911 Lebron is MURDERING shit.,positive,LABEL_0,0.9508602619171143
@uscsports21 LeBron is a monsta and he is only 24. SMH The world ain't ready.,positive,LABEL_0,0.7426066398620605
@cthagod when Lebron is done in the NBA he will probably be greater than Kobe. Like u said Kobe is good but there alot of 'good' players.,positive,LABEL_2,0.7153817415237427
KOBE IS GOOD BT LEBRON HAS MY VOTE,positive,LABEL_2,0.9496791362762451
Kobe is the best in the world not lebron .,negative,LABEL_2,0.7171090841293335
"@asherroth World Cup 2010 Access?? Damn, that's a good look!",positive,LABEL_2,0.9697213172912598
Just bought my tickets for the 2010 FIFA World Cup in South Africa. Its going to be a great summer. http://bit.ly/9GEZI,positive,LABEL_2,0.9863926768302917
Share: Disruption...Fred Wilson's slides for his talk at Google HQ  http://bit.ly/Bo8PG,neutral,LABEL_1,0.7237390279769897
I have to go to Booz Allen Hamilton for a 2hr meeting :(  But then i get to go home :),negative,LABEL_2,0.4586755931377411
"The great Indian tamasha truly will unfold from May 16, the result day for Indian General Election.",positive,LABEL_1,0.5552785396575928
"@crlane I have the Kindle2. I've seen pictures of the DX, but haven't seen it in person. I love my Kindle - I'm on it everyday.",positive,LABEL_2,0.9831926822662354
@criticalpath Such an awesome idea - the  continual learning program with a Kindle2  http://bit.ly/1ZLfF,positive,LABEL_2,0.9663835167884827
ok.. do nothing.. just thinking about 40D,neutral,LABEL_1,0.6172338128089905
"@faithbabywear Ooooh, what model are you getting??? I have the 40D and LOVE LOVE LOVE LOVE it!",positive,LABEL_2,0.9891204833984375
The Times of India: The wonder that is India's election. http://bit.ly/p7u1H,positive,LABEL_1,0.6654285788536072
http://is.gd/ArUJ Good video from Google on using search options.,positive,LABEL_2,0.9027009010314941
@ambcharlesfield lol. Ah my skin is itchy :( damn lawnmowing.,negative,LABEL_0,0.9028961658477783
itchy back!! dont ya hate it!,negative,LABEL_2,0.4373534917831421
Stanford Charity Fashion Show a top draw http://cli.gs/NeNuAH,positive,LABEL_1,0.8634576797485352
Stanford University?s Facebook Profile is One of the Most Popular Official University Pages - http://tinyurl.com/p5b3fl,positive,LABEL_2,0.8944960236549377
Lyx is cool.,positive,LABEL_2,0.9204339981079102
SOOO DISSAPOiNTED THEY SENT DANNY GOKEY HOME... YOU STiLL ROCK ...DANNY ... MY HOMETOWN HERO !! YEAH MiLROCKEE!!,positive,LABEL_2,0.739189088344574
"RT @PassionModel 'American Idol' fashion: Adam Lambert tones down, Danny Gokey cute ... http://cli.gs/7JWSHV",positive,LABEL_1,0.7668066024780273
@dannygokey I love you DANNY GOKEY!! :),positive,LABEL_2,0.9901614189147949
RT @justindavey: RT @tweetmeme GM OnStar now instantly sends accident location coordinates to 911 | GPS Obsessed http://bit.ly/16szL1,neutral,LABEL_1,0.811760663986206
so tired. i didn't sleep well at all last night.,negative,LABEL_0,0.9260543584823608
Boarding plane for San Francisco in 1 hour; 6 hr flight. Blech.,negative,LABEL_1,0.5591990351676941
bonjour San Francisco. My back hurts from last night..,negative,LABEL_0,0.9304089546203613
"breakers. in San Francisco, CA http://loopt.us/4v88Bw.t",neutral,LABEL_1,0.8973206281661987
Heading to San Francisco,neutral,LABEL_1,0.8960626721382141
With my best girl for a few more hours in San francisco. Mmmmmfamily is wonderful!,positive,LABEL_2,0.9930729269981384
"F*** up big, or go home - AIG",negative,LABEL_0,0.7711384892463684
Went to see the Star Trek movie last night.  Very satisfying.,positive,LABEL_2,0.9864178895950317
"I can't wait, going to see star trek tonight!!",positive,LABEL_2,0.9906808733940125
Star Trek was as good as everyone said!!,positive,LABEL_2,0.9780399799346924
am loving new malcolm gladwell book - outliers,positive,LABEL_2,0.9794629216194153
I highly recommend Malcolm Gladwell's 'The Tipping Point.' My next audiobook will probably be one of his as well.,positive,LABEL_2,0.9701852798461914
Malcolm Gladwell is a genius at tricking people into not realizing he's a fucking idiot,negative,LABEL_0,0.8880888819694519
"@sportsguy33 hey no offense but malcolm gladwell is a pretenious, annoying cunt and he brings you down. cant read his shit",negative,LABEL_0,0.9771841764450073
RT @clashmore: http://bit.ly/SOYv7  Great article by Malcolm Gladwell.,positive,LABEL_2,0.927052915096283
I seriously underestimated Malcolm Gladwell.  I want to meet this dude.,positive,LABEL_0,0.39169377088546753
i hate comcast right now. everything is down cable internet &amp; phone....ughh what am i to do,negative,LABEL_0,0.9771875739097595
Comcast sucks.,negative,LABEL_0,0.968192994594574
The day I never have to deal with Comcast again will rank as one of the best days of my life.,negative,LABEL_2,0.9741935133934021
@Dommm did comcast fail again??,negative,LABEL_0,0.7970848083496094
How do you use the twitter API?... http://bit.ly/4VBhH,neutral,LABEL_1,0.8642771244049072
curses the Twitter API limit,negative,LABEL_0,0.573580801486969
"Now I can see why Dave Winer screams about lack of Twitter API, its limitations and access throttles!",negative,LABEL_0,0.7679170370101929
testing Twitter API,neutral,LABEL_1,0.7917263507843018
Arg. Twitter API is making me crazy.,negative,LABEL_0,0.8548043370246887
Testing Twitter API. Remote Update,neutral,LABEL_1,0.874717652797699
I'm really loving the new search site Wolfram/Alpha. Makes Google seem so ... quaint. http://www72.wolframalpha.com/,positive,LABEL_2,0.9886252880096436
"#wolfram Alpha SUCKS! Even for researchers the information provided is less than you can get from #google or #wikipedia, totally useless!",negative,LABEL_0,0.9631826281547546
Off to the NIKE factory!!!,positive,LABEL_1,0.5046313405036926
New nike muppet commercials are pretty cute. Why do we live together again?,positive,LABEL_2,0.9324113130569458
New blog post: Nike Zoom LeBron Soldier 3 (III) - White / Black - Teal http://bit.ly/rouUS,neutral,LABEL_1,0.7060412764549255
New blog post: Nike Trainer 1 http://bit.ly/394bp,neutral,LABEL_2,0.5025501847267151
@Fraggle312 oh those are awesome! i so wish they weren't owned by nike :(,negative,LABEL_2,0.6957313418388367
@tonyhawk http://twitpic.com/5c7uj - AWESOME!!! Seeing the show Friday at the Shoreline Amphitheatre. Never seen NIN before. Can't wait. ...,positive,LABEL_2,0.9909993410110474
"arhh, It's weka bug. = ="" and I spent almost two hours to find that out. crappy me",negative,LABEL_0,0.8629164695739746
"@mitzs hey bud :) np I do so love my 50D, although I'd love a 5D mkII more",positive,LABEL_2,0.9847841262817383
@jonduenas @robynlyn just got us a 50D for the office. :D,positive,LABEL_2,0.8957309126853943
Just picked up my new Canon 50D...it's beautiful!!  Prepare for some seriously awesome photography!,positive,LABEL_2,0.9916440844535828
Just got my new toy. Canon 50D. Love love love it!,positive,LABEL_2,0.9910137057304382
Learning about lambda calculus :),positive,LABEL_2,0.8514214754104614
"#jobs #sittercity Help with taking care of sick child (East Palo Alto, CA) http://tinyurl.com/qwrr2m",neutral,LABEL_1,0.7783567309379578
I'm moving to East Palo Alto!,positive,LABEL_1,0.5331040620803833
@ atebits I just finished watching your Stanford iPhone Class session. I really appreciate it. You Rock!,positive,LABEL_2,0.988074004650116
@jktweet Hi! Just saw your Stanford talk and really liked your advice. Just saying Hi from Singapore (yes the videos do get around),positive,LABEL_2,0.9616965651512146
#MBA Admissions Tips Stanford GSB Deadlines and Essay Topics 2009-2010 http://tinyurl.com/pet4fd,neutral,LABEL_1,0.8927869200706482
Ethics and nonprofits - http://bit.ly/qsXRp  #stanford #socialentrepreneurship,neutral,LABEL_1,0.823405385017395
LAKERS tonight let's go!!!!,positive,LABEL_2,0.8910982012748718
Will the Lakers kick the Nuggets ass tonight?,positive,LABEL_1,0.6320089101791382
Oooooooh... North Korea is in troubleeeee! http://bit.ly/19epAH,negative,LABEL_0,0.9218690395355225
Wat the heck is North Korea doing!!??!! They just conducted powerful nuclear tests! Follow the link: http://www.msnbc.msn.com/id/30921379,negative,LABEL_0,0.8195642232894897
Listening to Obama... Friggin North Korea...,negative,LABEL_0,0.6919410824775696
"I just realized we three monkeys in the white Obama.Biden,Pelosi . Sarah Palin 2012",negative,LABEL_0,0.5887630581855774
@foxnews Pelosi should stay in China and never come back.,negative,LABEL_0,0.6037262082099915
Nancy Pelosi gave the worst commencement speech I've ever heard. Yes I'm still bitter about this,negative,LABEL_0,0.9794250130653381
ugh. the amount of times these stupid insects have bitten me. Grr..,negative,LABEL_0,0.9711567163467407
Prettiest insects EVER - Pink Katydids: http://bit.ly/2Upw2p,positive,LABEL_2,0.8443086743354797
Just got barraged by a horde of insects hungry for my kitchen light. So scary.,negative,LABEL_0,0.9425921440124512
Just had McDonalds for dinner. :D It was goooood. Big Mac Meal. ;),positive,LABEL_2,0.9887035489082336
AHH YES LOL IMA TELL MY HUBBY TO GO GET ME SUM MCDONALDS =],positive,LABEL_2,0.909522294998169
Stopped to have lunch at McDonalds. Chicken Nuggetssss! :) yummmmmy.,positive,LABEL_2,0.9786719083786011
Could go for a lot of McDonalds. i mean A LOT.,positive,LABEL_2,0.7992578744888306
my exam went good. @HelloLeonie: your prayers worked (:,positive,LABEL_2,0.9665951132774353
"Only one exam left, and i am so happy for it :D",positive,LABEL_2,0.9912346601486206
Math review. Im going to fail the exam.,negative,LABEL_0,0.9516411423683167
Colin Powell rocked yesterday on CBS. Cheney needs to shut the hell up and go home.Powell is a man of Honor and served our country proudly,negative,LABEL_2,0.3813035190105438
obviously not siding with Cheney here: http://bit.ly/19j2d,negative,LABEL_0,0.6938853859901428
Absolutely hilarious!!! from @mashable:  http://bit.ly/bccWt,positive,LABEL_2,0.8844509720802307
@mashable I never did thank you for including me in your Top 100 Twitter Authors! You Rock! (&amp; I New Wave :-D) http://bit.ly/EOrFV,positive,LABEL_2,0.9759111404418945
Learning jQuery 1.3 Book Review - http://cfbloggers.org/?c=30629,neutral,LABEL_1,0.8753106594085693
RT @shrop: Awesome JQuery reference book for Coda! http://www.macpeeps.com/coda/ #webdesign,positive,LABEL_2,0.9752782583236694
I've been sending e-mails like crazy today to my contacts...does anyone have a contact at Goodby SIlverstein...I'd love to speak to them,positive,LABEL_2,0.831638753414154
Adobe CS4 commercial by Goodby Silverstein: http://bit.ly/1aikhF,neutral,LABEL_1,0.8877946138381958
"Goodby, Silverstein's new site... http://www.goodbysilverstein.com/ I enjoy it.",positive,LABEL_2,0.9874951243400574
Wow everyone at the Google I/O conference got free G2's with a month of unlimited service,positive,LABEL_2,0.9799386262893677
@vkerkez dood I got a free google android phone at the I/O conference. The G2!,positive,LABEL_2,0.9518012404441833
"@Orli the G2 is amazing btw, a HUGE improvement over the G1",positive,LABEL_2,0.9875400066375732
"HTML 5 Demos! Lots of great stuff to come! Yes, I'm excited. :) http://htmlfive.appspot.com #io2009 #googleio",positive,LABEL_2,0.9925974607467651
@googleio http://twitpic.com/62shi - Yay! Happy place! Place place!  I love Google!,positive,LABEL_2,0.9925183057785034
#GoogleIO | O3D - Bringing 3d graphics to the browser. Very nice tbh. Funfun.,positive,LABEL_2,0.9845624566078186
"Awesome viral marketing for ""Funny People"" http://www.nbc.com/yo-teach/",positive,LABEL_2,0.961670994758606
"Watching a programme about the life of Hitler, its only enhancing my geekiness of history.",neutral,LABEL_0,0.43857502937316895
saw night at the museum out of sheer desperation. who is funding these movies?,negative,LABEL_0,0.8424078226089478
Night At The Museum 2? Pretty furkin good.,positive,LABEL_2,0.9809271097183228
Watching Night at the Museum - giggling.,positive,LABEL_2,0.9327394366264343
"@pambeeslyjenna Jenna, I went to see Night At The Museum 2 today and I was so surprised to see three cast members from The Office...",neutral,LABEL_2,0.9571780562400818
About to watch Night at the Museum with Ryan and Stacy,neutral,LABEL_1,0.8292647004127502
"Getting ready to go watch Night at the Museum 2.  Dum dum, you give me gum gum!",neutral,LABEL_2,0.5253424644470215
"Back from seeing 'Star Trek' and 'Night at the Museum.' 'Star Trek' was amazing, but 'Night at the Museum' was; eh.",negative,LABEL_2,0.719142735004425
just watched night at the museum 2! so stinkin cute!,positive,LABEL_2,0.9874739646911621
"So, Night at the Museum 2 was AWESOME! Much better than part 1. Next weekend we'll see Up.",positive,LABEL_2,0.9927058815956116
"I think I may have a new favorite restaurant. On our way to see ""Night at the Museum 2‚Äù.",neutral,LABEL_2,0.9675970673561096
"UP! was sold out, so i'm seeing Night At The Museum 2. I'm __ years old.",neutral,LABEL_2,0.5640079975128174
saw the new Night at the Museum and i loved it. Next is to go see UP in 3D,positive,LABEL_2,0.9883861541748047
It is a shame about GM. What if they are forced to make only cars the White House THINKS will sell? What do you think?,negative,LABEL_0,0.8251026272773743
"As u may have noticed, not too happy about the GM situation, nor AIG, Lehman, et al",negative,LABEL_0,0.8384996652603149
Obama: Nationalization of GM to be short-term   (AP) http://tinyurl.com/md347r,neutral,LABEL_1,0.8504024744033813
@Pittstock $GM good riddance.  sad though.,negative,LABEL_1,0.49127310514450073
"I Will NEVER Buy a Government Motors Vehicle: Until just recently, I drove GM cars. Since 1988, when I bought a .. http://tinyurl.com/lulsw8",negative,LABEL_0,0.6958200335502625
Having the old Coca-Cola guy on the GM board is stupid has heck! #tcot #ala,negative,LABEL_0,0.8979069590568542
#RantsAndRaves The worst thing about GM (concord / pleasant hill / martinez): is the fucking UAW. ..   http://buzzup.com/4ueb,negative,LABEL_0,0.9662238955497742
"Give a man a fish, u feed him for the day. Teach him to fish, u feed him for life. Buy him GM, and u F**K him over for good.",negative,LABEL_0,0.516756534576416
"The more I hear about this GM thing the more angry I get. Billions wasted, more bullshit. All for something like 40k employees and all the..",negative,LABEL_0,0.9737591743469238
@QuantTrader i own a GM car and it is junk as far as quality compared to a honda,negative,LABEL_0,0.739783763885498
sad day...bankrupt GM,negative,LABEL_0,0.9048900008201599
is upset about the whole GM thing. life as i know it is so screwed up,negative,LABEL_0,0.9716550707817078
whoever is running time warner needs to be repeatedly raped by a rhino so they understand the consequences of putting out shitty cable svcs,negative,LABEL_0,0.9666746258735657
"Time Warner CEO hints at online fees for magazines      (AP) - Read from Mountain View,United States. Views 16209 http://bit.ly/UdFCH",neutral,LABEL_1,0.8246956467628479
#WFTB Joining a bit late. My connection was down (boo time warner),negative,LABEL_0,0.8149088621139526
Cox or Time Warner?  Cox is cheaper and gets a B on dslreports.  TW is more expensive and gets a C.,negative,LABEL_1,0.5373898148536682
i am furious with time warner and their phone promotions!,negative,LABEL_0,0.9728428721427917
Just got home from chick-fil-a with the boys. Damn my internets down =( stupid time warner,negative,LABEL_0,0.9477466344833374
could time-warner cable suck more?  NO.,negative,LABEL_0,0.9282223582267761
Pissed at Time Warner for causin me to have slow internet problems,negative,LABEL_0,0.9487000703811646
"@sportsguy33 Ummm, having some Time Warner problems?",negative,LABEL_0,0.5016821622848511
You guys see this?  Why does Time Warner have to suck so much ass?  Really wish I could get U-Verse at my apartment. http://bit.ly/s594j,negative,LABEL_0,0.9298903942108154
"RT @sportsguy33 The upside to Time Warner: unhelpful phone operators   superslow on-site service. Crap, that's not an upside.",negative,LABEL_0,0.5740410089492798
"RT @sportsguy33: New Time Warner slogan: ""Time Warner, where we make you long for the days before cable.""",negative,LABEL_1,0.676886260509491
"confirmed: it's Time Warner's fault, not Facebook's, that fb is taking about 3 minutes to load. so tempted to switch to verizon =/",negative,LABEL_0,0.6892621517181396
@sportsguy33 Time Warner = epic fail,negative,LABEL_0,0.8253258466720581
Lawson to head Newedge Hong Kong http://bit.ly/xLQSD #business #china,neutral,LABEL_1,0.9199414849281311
Weird Piano Guitar House in China! http://u2s.me/72i8,neutral,LABEL_1,0.5521393418312073
Send us your GM/Chevy photos http://tinyurl.com/luzkpq,neutral,LABEL_1,0.8735418915748596
I know. How sad is that?  RT @caseymercier: 1st day of hurricane season. That's less scarey than govt taking over GM.,negative,LABEL_0,0.6655566692352295
"GM files Bankruptcy, not a good sign...",negative,LABEL_0,0.8476956486701965
yankees won mets lost. its a good day.,positive,LABEL_2,0.9244145154953003
My dentist appt today was actually quite enjoyable.,positive,LABEL_2,0.9811102151870728
I hate the effing dentist.,negative,LABEL_0,0.9787382483482361
@stevemoakler i had a dentist appt this morning and had the same conversation!,neutral,LABEL_1,0.7846947312355042
@kirstiealley I hate going to the dentist.. !!!,negative,LABEL_0,0.9747627973556519
i hate the dentist....who invented them anyways?,negative,LABEL_0,0.9781595468521118
this dentist's office is cold :/,negative,LABEL_0,0.9066178798675537
Check this video out -- David After Dentist http://bit.ly/47aW2,neutral,LABEL_1,0.8887882828712463
First dentist appointment [in years] on Wednesday possibly.,neutral,LABEL_1,0.9143988490104675
Tom Shanahan's latest column on SDSU and its NCAA Baseball Regional appearance: http://ow.ly/axhu,neutral,LABEL_1,0.9410517811775208
BaseballAmerica.com: Blog: Baseball America Prospects Blog ? Blog ... http://bit.ly/EtT8a,neutral,LABEL_1,0.8508818745613098
Portland city politics may undo baseball park http://tinyurl.com/lpjquj,neutral,LABEL_0,0.6687635183334351
"RT @WaterSISWEB: CA Merced's water bottled by Safeway, resold at a profit: Wells are drying up across the county http://tinyurl.com/mb573s",neutral,LABEL_1,0.5471384525299072
dropped her broccoli walking home from safeway! ;( so depressed,neutral,LABEL_0,0.9532085657119751
@ronjon we don't have Safeway.,neutral,LABEL_1,0.5663907527923584
Just applied at Safeway!(: Yeeeee!,positive,LABEL_2,0.7405472993850708
@ Safeway. Place is a nightmare right now. Bumming.,negative,LABEL_0,0.9634883999824524
at safeway with dad,neutral,LABEL_1,0.8551061153411865
"HATE safeway select green tea icecream! bought two cartons, what a waste of money.  &gt;_&lt;",negative,LABEL_0,0.9726130962371826
"Safeway with Marvin, Janelle, and Auntie Lhu",neutral,LABEL_1,0.9309561848640442
Safeway offering mobile coupons http://bit.ly/ONH7w,neutral,LABEL_1,0.8083989024162292
"Phillies Driving in the Cadillac with the Top Down in Cali, Win 5-3 - http://tinyurl.com/nzcjqa",neutral,LABEL_1,0.8558968901634216
Saved money by opting for grocery store trip and stocking food in hotel room fridge vs. eating out every night while out of town.,neutral,LABEL_1,0.5550410747528076
"Lounging around, eating Taco Bell and watching NCIS before work tonight. Need help staying awake.",neutral,LABEL_1,0.6797590851783752
eating breakfast and then school,neutral,LABEL_1,0.7758248448371887
still hungry after eating....,neutral,LABEL_1,0.5332157015800476
10 tips for healthy eating ? ResultsBy Fitness Blog :: Fitness ... http://bit.ly/62gFn,neutral,LABEL_1,0.8542920351028442
"with the boyfriend, eating a quesadilla",neutral,LABEL_1,0.7879081964492798
"Eating dinner. Meat, chips, and risotto.",neutral,LABEL_1,0.7549378871917725
got a new pair of nike shoes. pics up later,neutral,LABEL_2,0.7031955122947693
"Nike SB Blazer High ""ACG"" Custom - Brad Douglas - http://timesurl.at/45a448",neutral,LABEL_1,0.8979318737983704
Nike rocks. I'm super grateful for what I've done with them :) &amp; the European Division of NIKE is BEYOND! @whitSTYLES @muchasmuertes,positive,LABEL_2,0.9911692142486572
Nike Air Yeezy Khaki/Pink Colorway Release - http://shar.es/bjfN,neutral,LABEL_1,0.7740997672080994
@evelynbyrne have you tried Nike  ? V. addictive.,positive,LABEL_1,0.6885923147201538
@erickoston That looks an awful lot like one of Nike's private jets....I'm just sayin....,neutral,LABEL_1,0.5014222264289856
The Nike Training Club (beta) iPhone app looks very interesting.,positive,LABEL_2,0.9833083152770996
argghhhh why won't  my jquery appear in safari bad safari !!!,negative,LABEL_0,0.8430188894271851
DevSnippets : jQuery Tools - Javascript UI Components for the Web... http://inblogs.org/go/hfuqt,neutral,LABEL_1,0.8236600756645203
"all about Ajax,jquery ,css ,JavaScript and more... (many examples) http://ajaxian.com/",neutral,LABEL_1,0.6859709024429321
"I'm ready to drop the pretenses, I am forever in love with jQuery, and I want to marry it. Sorry ladies, this nerd is jquery.spokenFor.js",positive,LABEL_2,0.9187019467353821
"This is cold.. I was looking at google's chart//visualization API and found this jQuery ""wrapper"" for the API...  http://tinyurl.com/mq52bq",neutral,LABEL_0,0.6155837774276733
I spent most of my day reading a jQuery book. Now to start drinking some delirium tremens.,neutral,LABEL_1,0.49499091506004333
jquery Selectors http://codylindley.com/jqueryselectors/,neutral,LABEL_1,0.8578920960426331
How to implement a news ticker with jQuery and ten lines of code http://bit.ly/CZnFJ,neutral,LABEL_1,0.8397284746170044
What's Buffet Doing? Warren Buffett Kicks Butt In Battle of the Boots: Posted By:Alex Crippe.. http://bit.ly/AUIzO,neutral,LABEL_1,0.894122838973999
"SUPER INVESTORS: A great weekend read here from Warren Buffet. Oldie, but a goodie. http://tinyurl.com/oqxgga",positive,LABEL_2,0.9745341539382935
I'm truly braindead.  I couldn't come up with Warren Buffet's name to save my soul,neutral,LABEL_0,0.890342652797699
"reading Michael Palin book, The Python Years...great book. I also recommend Warren Buffet &amp; Nelson Mandela's bio",positive,LABEL_2,0.9574236273765564
"I mean, I'm down with Notre Dame if I have to.  It's a good school, I'd be closer to Dan, I'd enjoy it.",positive,LABEL_2,0.9069074392318726
"I can't watch TV without a Tivo.  And after all these years, the Time/Warner DVR  STILL sucks. http://www.davehitt.com/march03/twdvr.html",negative,LABEL_0,0.9585637450218201
I'd say some sports writers are idiots for saying Roger Federer is one of the best ever in Tennis.  Roger Federer is THE best ever in Tennis,positive,LABEL_0,0.3782743215560913
I still love my Kindle2 but reading The New York Times on it does not feel natural. I miss the Bloomingdale ads.,negative,LABEL_0,0.4120527505874634
I love my Kindle2. No more stacks of books to trip over on the way to the loo.,positive,LABEL_2,0.9051092863082886
"Although today's keynote rocked, for every great announcement, AT&amp;T shit on us just a little bit more.",negative,LABEL_2,0.4433814287185669
"@sheridanmarfil - its not so much my obsession with cell phones, but the iphone!  i'm a slave to at&amp;t forever because of it. :)",negative,LABEL_2,0.6819643974304199
@freitasm oh I see. I thought AT&amp;T were 900MHz WCDMA?,neutral,LABEL_1,0.6006712913513184
@Plip Where did you read about tethering support Phil?  Just AT&amp;T or will O2 be joining in?,neutral,LABEL_1,0.8977736234664917
Fuzzball is more fun than AT&amp;T ;P http://fuzz-ball.com/twitter,negative,LABEL_2,0.9480132460594177
"Today is a good day to dislike AT&amp;T. Vote out of office indeed, @danielpunkass",negative,LABEL_0,0.5235755443572998
GOT MY WAVE SANDBOX INVITE! Extra excited! Too bad I have class now... but I'll play with it soon enough! #io2009 #wave,positive,LABEL_2,0.9774927496910095
looks like summize has gone down. too many tweets from WWDC perhaps?,negative,LABEL_0,0.5121240019798279
I hope the girl at work  buys my Kindle2,neutral,LABEL_2,0.668709397315979
Missed this insight-filled May column: One smart guy looking closely at why he's impressed with Kindle2 http://bit.ly/i0peY @wroush,neutral,LABEL_2,0.6786981821060181
"@sklososky Thanks so much!!! ...from one of your *very* happy Kindle2 winners ; ) I was so surprised, fabulous. Thank you! Best, Kathleen",positive,LABEL_2,0.9927130341529846
Man I kinda dislike Apple right now. Case in point: the iPhone 3GS. Wish there was a video recorder app. Please?? http://bit.ly/DZm1T,negative,LABEL_0,0.9173527956008911
@cwong08 I have a Kindle2 (&amp; Sony PRS-500). Like it! Physical device feels good. Font is nice. Pg turns are snappy enuf. UI a little klunky.,positive,LABEL_2,0.9818899631500244
"The #Kindle2 seems the best eReader, but will it work in the UK and where can I get one?",positive,LABEL_2,0.9229471683502197
"I have a google addiction. Thank you for pointing that out, @annamartin123. Hahaha.",positive,LABEL_2,0.8800290822982788
@ruby_gem My primary debit card is Visa Electron.,neutral,LABEL_1,0.8967261910438538
Off to the bank to get my new visa platinum card,neutral,LABEL_1,0.8263531923294067
"dearest @google, you rich bastards! the VISA card you sent me doesn't work. why screw a little guy like me?",negative,LABEL_0,0.9779452681541443
has a date with bobby flay and gut fieri from food network,neutral,LABEL_1,0.9457345604896545
Excited about seeing Bobby Flay and Guy Fieri tomorrow at the Great American Food &amp; Music Fest!,positive,LABEL_2,0.9902585744857788
Gonna go see Bobby Flay 2moro at Shoreline. Eat and drink. Gonna be good.,positive,LABEL_2,0.9629401564598083
can't wait for the great american food and music festival at shoreline tomorrow.  mmm...katz pastrami and bobby flay. yes please.,positive,LABEL_2,0.9916621446609497
"My dad was in NY for a day, we ate at MESA grill last night and met Bobby Flay. So much fun, except I completely lost my voice today.",positive,LABEL_2,0.9441201686859131
Fighting with LaTex. Again...,negative,LABEL_1,0.5436663627624512
@Iheartseverus we love you too and don't want you to die!!!!!!  Latex = the devil,negative,LABEL_2,0.431631863117218
"7 hours. 7 hours of inkscape crashing, normally solid as a rock. 7 hours of LaTeX complaining at the slightest thing. I can't take any more.",negative,LABEL_0,0.8692930936813354
How to Track Iran with Social Media: http://bit.ly/2BoqU,neutral,LABEL_1,0.8005086779594421
Shit's hitting the fan in Iran...craziness indeed #iranelection,negative,LABEL_0,0.9344803094863892
Monday already. Iran may implode. Kitchen is a disaster. @annagoss seems happy. @sebulous had a nice weekend and @goldpanda is great. whoop.,negative,LABEL_2,0.34135690331459045
Twitter Stock buzz: $AAPL $ES_F $SPY $SPX $PALM  (updated: 12:00 PM),neutral,LABEL_1,0.7927829027175903
getting ready to test out some burger receipes this weekend. Bobby Flay has some great receipes to try. Thanks Bobby.,positive,LABEL_2,0.9660860300064087
@johncmayer is Bobby Flay joining you?,neutral,LABEL_1,0.9314813613891602
i lam so in love with Bobby Flay... he is my favorite. RT @terrysimpson: @bflay you need a place in Phoenix. We have great peppers here!,positive,LABEL_2,0.9900467991828918
"I just created my first LaTeX file from scratch. That didn't work out very well. (See @amandabittner , it's a great time waster)",negative,LABEL_0,0.5421858429908752
using Linux and loving it - so much nicer than windows... Looking forward to using the wysiwyg latex editor!,positive,LABEL_2,0.9895385503768921
"After using LaTeX a lot, any other typeset mathematics just looks hideous.",positive,LABEL_0,0.8560113310813904
Ask Programming: LaTeX or InDesign?: submitted by calcio1 [link] [1 comment] http://tinyurl.com/myfmf7,neutral,LABEL_1,0.8830879926681519
"On that note, I hate Word. I hate Pages. I hate LaTeX. There, I said it. I hate LaTeX. All you TEXN3RDS can come kill me now.",negative,LABEL_0,0.9703641533851624
Ahhh... back in a *real* text editing environment. I &lt;3 LaTeX.,positive,LABEL_2,0.9425943493843079
"Trouble in Iran, I see. Hmm. Iran. Iran so far away. #flockofseagullsweregeopoliticallycorrect",negative,LABEL_0,0.6379847526550293
Reading the tweets coming out of Iran... The whole thing is terrifying and incredibly sad...,negative,LABEL_0,0.9589777588844299
